Perkembangan Harga Pangan,,,,,,,,,,,,,,,,,,,,,,,,,,,,,,,,,,,,,,,,,,,,,,,,,,,,,,,,,,,,,,,,,,,,,,,,,,,,,,,,,,,,,,,,,,,,,,,,,,,,,,,,,,,,,,,,,,,
,,,,,,,,,,,,,,,,,,,,,,,,,,,,,,,,,,,,,,,,,,,,,,,,,,,,,,,,,,,,,,,,,,,,,,,,,,,,,,,,,,,,,,,,,,,,,,,,,,,,,,,,,,,,,,,,,,,
Periode,,02 Januari 2020 - 19 Jun 2020,,,,,,,,,,,,,,,,,,,,,,,,,,,,,,,,,,,,,,,,,,,,,,,,,,,,,,,,,,,,,,,,,,,,,,,,,,,,,,,,,,,,,,,,,,,,,,,,,,,,,,,,,,,,,,,,,
Provinsi,,DKI Jakarta,,,,,,,,,,,,,,,,,,,,,,,,,,,,,,,,,,,,,,,,,,,,,,,,,,,,,,,,,,,,,,,,,,,,,,,,,,,,,,,,,,,,,,,,,,,,,,,,,,,,,,,,,,,,,,,,,
Kabupaten/Kota,,Kota Jakarta Pusat,,,,,,,,,,,,,,,,,,,,,,,,,,,,,,,,,,,,,,,,,,,,,,,,,,,,,,,,,,,,,,,,,,,,,,,,,,,,,,,,,,,,,,,,,,,,,,,,,,,,,,,,,,,,,,,,,
Pasar,,"Pasar Jatinegara, Pasar Kramatjati, Pasar Minggu",,,,,,,,,,,,,,,,,,,,,,,,,,,,,,,,,,,,,,,,,,,,,,,,,,,,,,,,,,,,,,,,,,,,,,,,,,,,,,,,,,,,,,,,,,,,,,,,,,,,,,,,,,,,,,,,,
Tipe Laporan,,Laporan Harian,,,,,,,,,,,,,,,,,,,,,,,,,,,,,,,,,,,,,,,,,,,,,,,,,,,,,,,,,,,,,,,,,,,,,,,,,,,,,,,,,,,,,,,,,,,,,,,,,,,,,,,,,,,,,,,,,
,,,,,,,,,,,,,,,,,,,,,,,,,,,,,,,,,,,,,,,,,,,,,,,,,,,,,,,,,,,,,,,,,,,,,,,,,,,,,,,,,,,,,,,,,,,,,,,,,,,,,,,,,,,,,,,,,,,
No.,Komoditas(Rp),02/01/2020,03/01/2020,06/01/2020,07/01/2020,08/01/2020,09/01/2020,10/01/2020,13/01/2020,14/01/2020,15/01/2020,16/01/2020,17/01/2020,20/01/2020,21/01/2020,22/01/2020,23/01/2020,24/01/2020,27/01/2020,28/01/2020,29/01/2020,30/01/2020,31/01/2020,03/02/2020,04/02/2020,05/02/2020,06/02/2020,07/02/2020,10/02/2020,11/02/2020,12/02/2020,13/02/2020,14/02/2020,17/02/2020,18/02/2020,19/02/2020,20/02/2020,21/02/2020,24/02/2020,25/02/2020,26/02/2020,27/02/2020,28/02/2020,02/03/2020,03/03/2020,04/03/2020,05/03/2020,06/03/2020,09/03/2020,10/03/2020,11/03/2020,12/03/2020,13/03/2020,16/03/2020,17/03/2020,18/03/2020,19/03/2020,20/03/2020,23/03/2020,24/03/2020,26/03/2020,27/03/2020,30/03/2020,31/03/2020,01/04/2020,02/04/2020,03/04/2020,06/04/2020,07/04/2020,08/04/2020,09/04/2020,13/04/2020,14/04/2020,15/04/2020,16/04/2020,17/04/2020,20/04/2020,21/04/2020,22/04/2020,23/04/2020,24/04/2020,27/04/2020,28/04/2020,29/04/2020,30/04/2020,04/05/2020,05/05/2020,06/05/2020,08/05/2020,11/05/2020,12/05/2020,13/05/2020,14/05/2020,15/05/2020,18/05/2020,19/05/2020,20/05/2020,26/05/2020,27/05/2020,28/05/2020,29/05/2020,02/06/2020,03/06/2020,04/06/2020,05/06/2020,08/06/2020,09/06/2020,10/06/2020,11/06/2020,12/06/2020,15/06/2020,16/06/2020,17/06/2020,18/06/2020,19/06/2020
I,Beras," Rp12,750 "," Rp12,850 "," Rp13,000 "," Rp13,050 "," Rp13,050 "," Rp13,050 "," Rp13,050 "," Rp13,050 "," Rp13,050 "," Rp13,100 "," Rp13,100 "," Rp13,100 "," Rp13,100 "," Rp13,100 "," Rp13,100 "," Rp13,100 "," Rp13,100 "," Rp13,100 "," Rp13,100 "," Rp13,100 "," Rp13,100 "," Rp13,100 "," Rp13,100 "," Rp13,100 "," Rp13,100 "," Rp13,100 "," Rp13,150 "," Rp13,150 "," Rp13,200 "," Rp13,200 "," Rp13,200 "," Rp13,200 "," Rp13,200 "," Rp13,200 "," Rp13,200 "," Rp13,200 "," Rp13,200 "," Rp13,200 "," Rp13,200 "," Rp13,200 "," Rp13,200 "," Rp13,200 "," Rp13,200 "," Rp13,200 "," Rp13,250 "," Rp13,300 "," Rp13,300 "," Rp13,300 "," Rp13,300 "," Rp13,300 "," Rp13,300 "," Rp13,300 "," Rp13,300 "," Rp13,300 "," Rp13,300 "," Rp13,300 "," Rp13,300 "," Rp13,300 "," Rp13,350 "," Rp13,450 "," Rp13,450 "," Rp13,450 "," Rp13,450 "," Rp13,450 "," Rp13,450 "," Rp13,450 "," Rp13,500 "," Rp13,500 "," Rp13,500 "," Rp13,500 "," Rp13,500 "," Rp13,500 "," Rp13,500 "," Rp13,500 "," Rp13,500 "," Rp13,500 "," Rp13,500 "," Rp13,500 "," Rp13,500 "," Rp13,500 "," Rp13,500 "," Rp13,500 "," Rp13,500 "," Rp13,500 "," Rp13,500 "," Rp13,500 "," Rp13,500 "," Rp13,500 "," Rp13,500 "," Rp13,500 "," Rp13,500 "," Rp13,500 "," Rp13,500 "," Rp13,500 "," Rp13,500 "," Rp13,500 "," Rp13,500 "," Rp13,500 "," Rp13,500 "," Rp13,500 "," Rp13,500 "," Rp13,500 "," Rp13,500 "," Rp13,500 "," Rp13,500 "," Rp13,500 "," Rp13,500 "," Rp13,500 "," Rp13,500 "," Rp13,500 "," Rp13,500 "," Rp13,500 "," Rp13,500 "," Rp13,500 "
1,Beras Kualitas Bawah I (kg)," Rp11,550 "," Rp11,650 "," Rp11,850 "," Rp11,900 "," Rp11,900 "," Rp11,950 "," Rp11,950 "," Rp11,950 "," Rp11,950 "," Rp11,950 "," Rp11,950 "," Rp11,950 "," Rp11,950 "," Rp11,950 "," Rp11,950 "," Rp11,950 "," Rp11,950 "," Rp11,950 "," Rp11,950 "," Rp11,950 "," Rp11,950 "," Rp11,950 "," Rp11,950 "," Rp11,950 "," Rp11,950 "," Rp12,000 "," Rp12,050 "," Rp12,050 "," Rp12,050 "," Rp12,050 "," Rp12,050 "," Rp12,050 "," Rp12,050 "," Rp12,050 "," Rp12,050 "," Rp12,050 "," Rp11,950 "," Rp12,000 "," Rp12,000 "," Rp12,000 "," Rp12,000 "," Rp12,000 "," Rp12,000 "," Rp12,000 "," Rp12,050 "," Rp12,150 "," Rp12,150 "," Rp12,150 "," Rp12,150 "," Rp12,150 "," Rp12,150 "," Rp12,150 "," Rp12,150 "," Rp12,150 "," Rp12,150 "," Rp12,150 "," Rp12,150 "," Rp12,150 "," Rp12,150 "," Rp12,150 "," Rp12,150 "," Rp12,150 "," Rp12,150 "," Rp12,150 "," Rp12,150 "," Rp12,150 "," Rp12,250 "," Rp12,250 "," Rp12,250 "," Rp12,250 "," Rp12,250 "," Rp12,250 "," Rp12,250 "," Rp12,250 "," Rp12,250 "," Rp12,250 "," Rp12,250 "," Rp12,300 "," Rp12,300 "," Rp12,300 "," Rp12,300 "," Rp12,300 "," Rp12,300 "," Rp12,300 "," Rp12,300 "," Rp12,300 "," Rp12,300 "," Rp12,300 "," Rp12,300 "," Rp12,200 "," Rp12,200 "," Rp12,200 "," Rp12,200 "," Rp12,200 "," Rp12,200 "," Rp12,200 "," Rp12,200 "," Rp12,200 "," Rp12,200 "," Rp12,200 "," Rp12,200 "," Rp12,200 "," Rp12,200 "," Rp12,200 "," Rp12,200 "," Rp12,200 "," Rp12,200 "," Rp12,200 "," Rp12,200 "," Rp12,200 "," Rp12,200 "," Rp12,200 "," Rp12,200 "," Rp12,200 "
2,Beras Kualitas Bawah II (kg)," Rp10,750 "," Rp10,850 "," Rp11,050 "," Rp11,050 "," Rp11,050 "," Rp11,100 "," Rp11,100 "," Rp11,100 "," Rp11,100 "," Rp11,150 "," Rp11,150 "," Rp11,150 "," Rp11,150 "," Rp11,150 "," Rp11,150 "," Rp11,150 "," Rp11,150 "," Rp11,150 "," Rp11,150 "," Rp11,150 "," Rp11,150 "," Rp11,150 "," Rp11,150 "," Rp11,150 "," Rp11,150 "," Rp11,150 "," Rp11,200 "," Rp11,200 "," Rp11,200 "," Rp11,200 "," Rp11,200 "," Rp11,200 "," Rp11,200 "," Rp11,200 "," Rp11,200 "," Rp11,250 "," Rp11,250 "," Rp11,250 "," Rp11,250 "," Rp11,250 "," Rp11,250 "," Rp11,250 "," Rp11,250 "," Rp11,250 "," Rp11,300 "," Rp11,350 "," Rp11,350 "," Rp11,350 "," Rp11,350 "," Rp11,350 "," Rp11,350 "," Rp11,350 "," Rp11,350 "," Rp11,350 "," Rp11,350 "," Rp11,350 "," Rp11,350 "," Rp11,350 "," Rp11,350 "," Rp11,350 "," Rp11,350 "," Rp11,350 "," Rp11,350 "," Rp11,350 "," Rp11,350 "," Rp11,350 "," Rp11,450 "," Rp11,450 "," Rp11,450 "," Rp11,450 "," Rp11,450 "," Rp11,450 "," Rp11,450 "," Rp11,450 "," Rp11,450 "," Rp11,450 "," Rp11,450 "," Rp11,500 "," Rp11,500 "," Rp11,500 "," Rp11,500 "," Rp11,500 "," Rp11,500 "," Rp11,500 "," Rp11,500 "," Rp11,500 "," Rp11,500 "," Rp11,500 "," Rp11,500 "," Rp11,400 "," Rp11,400 "," Rp11,400 "," Rp11,400 "," Rp11,400 "," Rp11,400 "," Rp11,400 "," Rp11,400 "," Rp11,400 "," Rp11,400 "," Rp11,400 "," Rp11,400 "," Rp11,400 "," Rp11,400 "," Rp11,400 "," Rp11,400 "," Rp11,400 "," Rp11,400 "," Rp11,400 "," Rp11,400 "," Rp11,400 "," Rp11,400 "," Rp11,400 "," Rp11,400 "," Rp11,400 "
3,Beras Kualitas Medium I (kg)," Rp13,050 "," Rp13,100 "," Rp13,300 "," Rp13,300 "," Rp13,300 "," Rp13,350 "," Rp13,350 "," Rp13,350 "," Rp13,350 "," Rp13,400 "," Rp13,400 "," Rp13,400 "," Rp13,400 "," Rp13,400 "," Rp13,400 "," Rp13,400 "," Rp13,400 "," Rp13,400 "," Rp13,400 "," Rp13,400 "," Rp13,400 "," Rp13,400 "," Rp13,400 "," Rp13,400 "," Rp13,400 "," Rp13,400 "," Rp13,450 "," Rp13,450 "," Rp13,450 "," Rp13,450 "," Rp13,450 "," Rp13,450 "," Rp13,450 "," Rp13,450 "," Rp13,450 "," Rp13,450 "," Rp13,450 "," Rp13,500 "," Rp13,500 "," Rp13,500 "," Rp13,500 "," Rp13,500 "," Rp13,500 "," Rp13,500 "," Rp13,550 "," Rp13,550 "," Rp13,550 "," Rp13,550 "," Rp13,550 "," Rp13,550 "," Rp13,550 "," Rp13,550 "," Rp13,550 "," Rp13,550 "," Rp13,550 "," Rp13,550 "," Rp13,550 "," Rp13,550 "," Rp13,650 "," Rp13,800 "," Rp13,800 "," Rp13,800 "," Rp13,800 "," Rp13,800 "," Rp13,800 "," Rp13,800 "," Rp13,900 "," Rp13,900 "," Rp13,900 "," Rp13,900 "," Rp13,900 "," Rp13,900 "," Rp13,900 "," Rp13,900 "," Rp13,900 "," Rp13,900 "," Rp13,900 "," Rp13,900 "," Rp13,900 "," Rp13,900 "," Rp13,900 "," Rp13,900 "," Rp13,900 "," Rp13,900 "," Rp13,900 "," Rp13,900 "," Rp13,900 "," Rp13,900 "," Rp13,900 "," Rp13,900 "," Rp13,900 "," Rp13,900 "," Rp13,900 "," Rp13,900 "," Rp13,900 "," Rp13,900 "," Rp13,900 "," Rp13,900 "," Rp13,900 "," Rp13,900 "," Rp13,900 "," Rp13,900 "," Rp13,900 "," Rp13,900 "," Rp13,900 "," Rp13,900 "," Rp13,900 "," Rp13,900 "," Rp13,900 "," Rp13,900 "," Rp13,900 "," Rp13,900 "," Rp13,900 "," Rp13,900 "
4,Beras Kualitas Medium II (kg)," Rp12,050 "," Rp12,150 "," Rp12,300 "," Rp12,350 "," Rp12,350 "," Rp12,400 "," Rp12,400 "," Rp12,400 "," Rp12,400 "," Rp12,400 "," Rp12,400 "," Rp12,400 "," Rp12,400 "," Rp12,400 "," Rp12,400 "," Rp12,400 "," Rp12,400 "," Rp12,400 "," Rp12,400 "," Rp12,400 "," Rp12,400 "," Rp12,400 "," Rp12,400 "," Rp12,400 "," Rp12,400 "," Rp12,450 "," Rp12,450 "," Rp12,450 "," Rp12,450 "," Rp12,450 "," Rp12,450 "," Rp12,450 "," Rp12,450 "," Rp12,450 "," Rp12,500 "," Rp12,500 "," Rp12,500 "," Rp12,500 "," Rp12,500 "," Rp12,500 "," Rp12,500 "," Rp12,500 "," Rp12,500 "," Rp12,500 "," Rp12,550 "," Rp12,550 "," Rp12,550 "," Rp12,550 "," Rp12,550 "," Rp12,550 "," Rp12,550 "," Rp12,550 "," Rp12,550 "," Rp12,550 "," Rp12,550 "," Rp12,550 "," Rp12,550 "," Rp12,550 "," Rp12,650 "," Rp12,750 "," Rp12,750 "," Rp12,750 "," Rp12,750 "," Rp12,750 "," Rp12,750 "," Rp12,750 "," Rp12,850 "," Rp12,850 "," Rp12,850 "," Rp12,850 "," Rp12,850 "," Rp12,850 "," Rp12,850 "," Rp12,850 "," Rp12,850 "," Rp12,850 "," Rp12,850 "," Rp12,800 "," Rp12,800 "," Rp12,800 "," Rp12,800 "," Rp12,800 "," Rp12,800 "," Rp12,800 "," Rp12,800 "," Rp12,800 "," Rp12,800 "," Rp12,800 "," Rp12,800 "," Rp12,800 "," Rp12,800 "," Rp12,800 "," Rp12,800 "," Rp12,800 "," Rp12,800 "," Rp12,800 "," Rp12,800 "," Rp12,800 "," Rp12,800 "," Rp12,800 "," Rp12,800 "," Rp12,800 "," Rp12,800 "," Rp12,800 "," Rp12,800 "," Rp12,800 "," Rp12,800 "," Rp12,800 "," Rp12,800 "," Rp12,800 "," Rp12,800 "," Rp12,800 "," Rp12,800 "," Rp12,800 "
5,Beras Kualitas Super I (kg)," Rp15,450 "," Rp15,550 "," Rp15,700 "," Rp15,750 "," Rp15,750 "," Rp15,800 "," Rp15,800 "," Rp15,800 "," Rp15,800 "," Rp15,800 "," Rp15,800 "," Rp15,800 "," Rp15,800 "," Rp15,800 "," Rp15,800 "," Rp15,800 "," Rp15,800 "," Rp15,800 "," Rp15,800 "," Rp15,800 "," Rp15,800 "," Rp15,800 "," Rp15,800 "," Rp15,800 "," Rp15,800 "," Rp15,850 "," Rp15,850 "," Rp15,850 "," Rp15,950 "," Rp15,950 "," Rp15,950 "," Rp15,950 "," Rp15,950 "," Rp15,950 "," Rp15,950 "," Rp16,000 "," Rp16,000 "," Rp16,000 "," Rp16,000 "," Rp16,000 "," Rp16,000 "," Rp16,000 "," Rp16,000 "," Rp16,000 "," Rp16,050 "," Rp16,100 "," Rp16,100 "," Rp16,100 "," Rp16,100 "," Rp16,100 "," Rp16,100 "," Rp16,100 "," Rp16,100 "," Rp16,100 "," Rp16,100 "," Rp16,100 "," Rp16,100 "," Rp16,100 "," Rp16,150 "," Rp16,200 "," Rp16,200 "," Rp16,200 "," Rp16,200 "," Rp16,200 "," Rp16,200 "," Rp16,200 "," Rp16,300 "," Rp16,300 "," Rp16,300 "," Rp16,300 "," Rp16,300 "," Rp16,300 "," Rp16,300 "," Rp16,300 "," Rp16,300 "," Rp16,300 "," Rp16,300 "," Rp16,300 "," Rp16,300 "," Rp16,300 "," Rp16,300 "," Rp16,300 "," Rp16,300 "," Rp16,300 "," Rp16,300 "," Rp16,300 "," Rp16,300 "," Rp16,300 "," Rp16,300 "," Rp16,300 "," Rp16,300 "," Rp16,300 "," Rp16,300 "," Rp16,300 "," Rp16,300 "," Rp16,300 "," Rp16,300 "," Rp16,300 "," Rp16,300 "," Rp16,300 "," Rp16,300 "," Rp16,300 "," Rp16,300 "," Rp16,300 "," Rp16,300 "," Rp16,300 "," Rp16,300 "," Rp16,300 "," Rp16,300 "," Rp16,300 "," Rp16,300 "," Rp16,300 "," Rp16,300 "," Rp16,300 "
6,Beras Kualitas Super II (kg)," Rp13,650 "," Rp13,700 "," Rp13,850 "," Rp13,900 "," Rp13,900 "," Rp13,900 "," Rp13,900 "," Rp13,900 "," Rp13,900 "," Rp13,950 "," Rp13,950 "," Rp13,950 "," Rp13,950 "," Rp13,950 "," Rp13,950 "," Rp13,950 "," Rp13,950 "," Rp13,950 "," Rp13,950 "," Rp13,950 "," Rp13,950 "," Rp13,950 "," Rp13,950 "," Rp13,950 "," Rp13,950 "," Rp13,950 "," Rp13,950 "," Rp13,950 "," Rp14,050 "," Rp14,050 "," Rp14,050 "," Rp14,050 "," Rp14,050 "," Rp14,050 "," Rp14,050 "," Rp14,100 "," Rp14,100 "," Rp14,100 "," Rp14,100 "," Rp14,100 "," Rp14,100 "," Rp14,100 "," Rp14,100 "," Rp14,100 "," Rp14,100 "," Rp14,150 "," Rp14,150 "," Rp14,150 "," Rp14,150 "," Rp14,150 "," Rp14,150 "," Rp14,150 "," Rp14,150 "," Rp14,150 "," Rp14,150 "," Rp14,150 "," Rp14,150 "," Rp14,150 "," Rp14,250 "," Rp14,250 "," Rp14,250 "," Rp14,250 "," Rp14,250 "," Rp14,250 "," Rp14,250 "," Rp14,250 "," Rp14,300 "," Rp14,300 "," Rp14,300 "," Rp14,300 "," Rp14,300 "," Rp14,300 "," Rp14,300 "," Rp14,300 "," Rp14,300 "," Rp14,300 "," Rp14,300 "," Rp14,300 "," Rp14,300 "," Rp14,300 "," Rp14,300 "," Rp14,300 "," Rp14,300 "," Rp14,300 "," Rp14,300 "," Rp14,300 "," Rp14,300 "," Rp14,300 "," Rp14,300 "," Rp14,300 "," Rp14,300 "," Rp14,300 "," Rp14,300 "," Rp14,300 "," Rp14,300 "," Rp14,300 "," Rp14,300 "," Rp14,300 "," Rp14,300 "," Rp14,300 "," Rp14,300 "," Rp14,300 "," Rp14,300 "," Rp14,300 "," Rp14,300 "," Rp14,300 "," Rp14,300 "," Rp14,300 "," Rp14,300 "," Rp14,300 "," Rp14,300 "," Rp14,300 "," Rp14,300 "," Rp14,300 "
II,Daging Ayam," Rp38,000 "," Rp38,000 "," Rp36,850 "," Rp36,250 "," Rp35,900 "," Rp35,350 "," Rp35,350 "," Rp34,900 "," Rp34,900 "," Rp34,750 "," Rp34,750 "," Rp34,400 "," Rp34,000 "," Rp34,000 "," Rp33,650 "," Rp33,350 "," Rp34,100 "," Rp33,650 "," Rp34,000 "," Rp34,000 "," Rp34,000 "," Rp34,000 "," Rp34,350 "," Rp34,400 "," Rp34,400 "," Rp34,850 "," Rp34,850 "," Rp35,100 "," Rp35,650 "," Rp36,000 "," Rp36,600 "," Rp37,150 "," Rp37,400 "," Rp37,400 "," Rp37,600 "," Rp37,900 "," Rp37,750 "," Rp37,250 "," Rp37,250 "," Rp37,100 "," Rp37,100 "," Rp36,500 "," Rp36,500 "," Rp36,850 "," Rp36,900 "," Rp36,900 "," Rp36,600 "," Rp36,600 "," Rp36,600 "," Rp36,900 "," Rp36,900 "," Rp37,100 "," Rp37,100 "," Rp36,900 "," Rp36,600 "," Rp36,600 "," Rp36,400 "," Rp35,400 "," Rp35,250 "," Rp35,250 "," Rp35,100 "," Rp35,250 "," Rp35,100 "," Rp34,250 "," Rp34,250 "," Rp34,250 "," Rp32,750 "," Rp33,750 "," Rp33,600 "," Rp34,750 "," Rp34,100 "," Rp33,650 "," Rp32,400 "," Rp32,100 "," Rp32,100 "," Rp32,000 "," Rp32,000 "," Rp32,850 "," Rp33,150 "," Rp33,150 "," Rp31,850 "," Rp31,850 "," Rp31,850 "," Rp32,100 "," Rp34,100 "," Rp34,750 "," Rp34,750 "," Rp35,100 "," Rp36,100 "," Rp36,750 "," Rp37,750 "," Rp37,900 "," Rp38,350 "," Rp39,100 "," Rp39,350 "," Rp39,350 "," Rp39,650 "," Rp39,650 "," Rp39,850 "," Rp40,350 "," Rp40,500 "," Rp40,850 "," Rp41,500 "," Rp41,500 "," Rp42,350 "," Rp42,350 "," Rp42,350 "," Rp42,350 "," Rp42,350 "," Rp42,350 "," Rp42,350 "," Rp41,500 "," Rp41,250 "," Rp41,250 "
1,Daging Ayam Ras Segar (kg)," Rp38,000 "," Rp38,000 "," Rp36,850 "," Rp36,250 "," Rp35,900 "," Rp35,350 "," Rp35,350 "," Rp34,900 "," Rp34,900 "," Rp34,750 "," Rp34,750 "," Rp34,400 "," Rp34,000 "," Rp34,000 "," Rp33,650 "," Rp33,350 "," Rp34,100 "," Rp33,650 "," Rp34,000 "," Rp34,000 "," Rp34,000 "," Rp34,000 "," Rp34,350 "," Rp34,400 "," Rp34,400 "," Rp34,850 "," Rp34,850 "," Rp35,100 "," Rp35,650 "," Rp36,000 "," Rp36,600 "," Rp37,150 "," Rp37,400 "," Rp37,400 "," Rp37,600 "," Rp37,900 "," Rp37,750 "," Rp37,250 "," Rp37,250 "," Rp37,100 "," Rp37,100 "," Rp36,500 "," Rp36,500 "," Rp36,850 "," Rp36,900 "," Rp36,900 "," Rp36,600 "," Rp36,600 "," Rp36,600 "," Rp36,900 "," Rp36,900 "," Rp37,100 "," Rp37,100 "," Rp36,900 "," Rp36,600 "," Rp36,600 "," Rp36,400 "," Rp35,400 "," Rp35,250 "," Rp35,250 "," Rp35,100 "," Rp35,250 "," Rp35,100 "," Rp34,250 "," Rp34,250 "," Rp34,250 "," Rp32,750 "," Rp33,750 "," Rp33,600 "," Rp34,750 "," Rp34,100 "," Rp33,650 "," Rp32,400 "," Rp32,100 "," Rp32,100 "," Rp32,000 "," Rp32,000 "," Rp32,850 "," Rp33,150 "," Rp33,150 "," Rp31,850 "," Rp31,850 "," Rp31,850 "," Rp32,100 "," Rp34,100 "," Rp34,750 "," Rp34,750 "," Rp35,100 "," Rp36,100 "," Rp36,750 "," Rp37,750 "," Rp37,900 "," Rp38,350 "," Rp39,100 "," Rp39,350 "," Rp39,350 "," Rp39,650 "," Rp39,650 "," Rp39,850 "," Rp40,350 "," Rp40,500 "," Rp40,850 "," Rp41,500 "," Rp41,500 "," Rp42,350 "," Rp42,350 "," Rp42,350 "," Rp42,350 "," Rp42,350 "," Rp42,350 "," Rp42,350 "," Rp41,500 "," Rp41,250 "," Rp41,250 "
III,Daging Sapi," Rp126,650 "," Rp126,650 "," Rp126,650 "," Rp126,650 "," Rp126,650 "," Rp126,650 "," Rp126,650 "," Rp126,650 "," Rp126,650 "," Rp126,650 "," Rp126,650 "," Rp126,650 "," Rp126,650 "," Rp126,650 "," Rp126,650 "," Rp126,650 "," Rp126,650 "," Rp126,650 "," Rp126,650 "," Rp126,650 "," Rp126,650 "," Rp126,650 "," Rp126,650 "," Rp126,650 "," Rp126,650 "," Rp126,650 "," Rp126,650 "," Rp126,650 "," Rp126,650 "," Rp126,650 "," Rp126,650 "," Rp126,650 "," Rp126,650 "," Rp126,650 "," Rp126,650 "," Rp126,650 "," Rp126,650 "," Rp126,650 "," Rp126,650 "," Rp126,650 "," Rp126,650 "," Rp126,650 "," Rp126,650 "," Rp126,650 "," Rp126,650 "," Rp126,650 "," Rp126,650 "," Rp126,650 "," Rp126,650 "," Rp126,650 "," Rp126,650 "," Rp126,650 "," Rp126,650 "," Rp126,650 "," Rp126,650 "," Rp126,650 "," Rp126,650 "," Rp126,650 "," Rp126,650 "," Rp126,650 "," Rp126,650 "," Rp126,650 "," Rp126,650 "," Rp126,650 "," Rp126,650 "," Rp126,650 "," Rp126,650 "," Rp126,650 "," Rp126,650 "," Rp126,650 "," Rp126,650 "," Rp126,650 "," Rp126,650 "," Rp126,650 "," Rp126,650 "," Rp126,650 "," Rp126,650 "," Rp126,650 "," Rp126,650 "," Rp126,650 "," Rp126,650 "," Rp126,650 "," Rp126,650 "," Rp126,650 "," Rp126,650 "," Rp126,650 "," Rp126,650 "," Rp126,650 "," Rp126,650 "," Rp126,650 "," Rp126,650 "," Rp126,650 "," Rp126,650 "," Rp137,500 "," Rp137,500 "," Rp137,500 "," Rp137,500 "," Rp137,500 "," Rp137,500 "," Rp137,500 "," Rp134,150 "," Rp132,500 "," Rp130,850 "," Rp130,850 "," Rp130,000 "," Rp130,000 "," Rp130,000 "," Rp130,000 "," Rp130,000 "," Rp130,000 "," Rp130,000 "," Rp130,000 "," Rp130,000 "," Rp130,000 "
1,Daging Sapi Kualitas 1 (kg)," Rp133,350 "," Rp133,350 "," Rp133,350 "," Rp133,350 "," Rp133,350 "," Rp133,350 "," Rp133,350 "," Rp133,350 "," Rp133,350 "," Rp133,350 "," Rp133,350 "," Rp133,350 "," Rp133,350 "," Rp133,350 "," Rp133,350 "," Rp133,350 "," Rp133,350 "," Rp133,350 "," Rp133,350 "," Rp133,350 "," Rp133,350 "," Rp133,350 "," Rp133,350 "," Rp133,350 "," Rp133,350 "," Rp133,350 "," Rp133,350 "," Rp133,350 "," Rp133,350 "," Rp133,350 "," Rp133,350 "," Rp133,350 "," Rp133,350 "," Rp133,350 "," Rp133,350 "," Rp133,350 "," Rp133,350 "," Rp133,350 "," Rp133,350 "," Rp133,350 "," Rp133,350 "," Rp133,350 "," Rp133,350 "," Rp133,350 "," Rp133,350 "," Rp133,350 "," Rp133,350 "," Rp133,350 "," Rp133,350 "," Rp133,350 "," Rp133,350 "," Rp133,350 "," Rp133,350 "," Rp133,350 "," Rp133,350 "," Rp133,350 "," Rp133,350 "," Rp133,350 "," Rp133,350 "," Rp133,350 "," Rp133,350 "," Rp133,350 "," Rp133,350 "," Rp133,350 "," Rp133,350 "," Rp133,350 "," Rp133,350 "," Rp133,350 "," Rp133,350 "," Rp133,350 "," Rp133,350 "," Rp133,350 "," Rp133,350 "," Rp133,350 "," Rp133,350 "," Rp133,350 "," Rp133,350 "," Rp133,350 "," Rp133,350 "," Rp133,350 "," Rp133,350 "," Rp133,350 "," Rp133,350 "," Rp133,350 "," Rp133,350 "," Rp133,350 "," Rp133,350 "," Rp133,350 "," Rp133,350 "," Rp133,350 "," Rp133,350 "," Rp133,350 "," Rp133,350 "," Rp143,350 "," Rp143,350 "," Rp143,350 "," Rp143,350 "," Rp143,350 "," Rp143,350 "," Rp143,350 "," Rp140,000 "," Rp138,350 "," Rp136,650 "," Rp136,650 "," Rp136,650 "," Rp136,650 "," Rp136,650 "," Rp136,650 "," Rp136,650 "," Rp136,650 "," Rp136,650 "," Rp136,650 "," Rp136,650 "," Rp136,650 "
2,Daging Sapi Kualitas 2 (kg)," Rp120,000 "," Rp120,000 "," Rp120,000 "," Rp120,000 "," Rp120,000 "," Rp120,000 "," Rp120,000 "," Rp120,000 "," Rp120,000 "," Rp120,000 "," Rp120,000 "," Rp120,000 "," Rp120,000 "," Rp120,000 "," Rp120,000 "," Rp120,000 "," Rp120,000 "," Rp120,000 "," Rp120,000 "," Rp120,000 "," Rp120,000 "," Rp120,000 "," Rp120,000 "," Rp120,000 "," Rp120,000 "," Rp120,000 "," Rp120,000 "," Rp120,000 "," Rp120,000 "," Rp120,000 "," Rp120,000 "," Rp120,000 "," Rp120,000 "," Rp120,000 "," Rp120,000 "," Rp120,000 "," Rp120,000 "," Rp120,000 "," Rp120,000 "," Rp120,000 "," Rp120,000 "," Rp120,000 "," Rp120,000 "," Rp120,000 "," Rp120,000 "," Rp120,000 "," Rp120,000 "," Rp120,000 "," Rp120,000 "," Rp120,000 "," Rp120,000 "," Rp120,000 "," Rp120,000 "," Rp120,000 "," Rp120,000 "," Rp120,000 "," Rp120,000 "," Rp120,000 "," Rp120,000 "," Rp120,000 "," Rp120,000 "," Rp120,000 "," Rp120,000 "," Rp120,000 "," Rp120,000 "," Rp120,000 "," Rp120,000 "," Rp120,000 "," Rp120,000 "," Rp120,000 "," Rp120,000 "," Rp120,000 "," Rp120,000 "," Rp120,000 "," Rp120,000 "," Rp120,000 "," Rp120,000 "," Rp120,000 "," Rp120,000 "," Rp120,000 "," Rp120,000 "," Rp120,000 "," Rp120,000 "," Rp120,000 "," Rp120,000 "," Rp120,000 "," Rp120,000 "," Rp120,000 "," Rp120,000 "," Rp120,000 "," Rp120,000 "," Rp120,000 "," Rp120,000 "," Rp131,650 "," Rp131,650 "," Rp131,650 "," Rp131,650 "," Rp131,650 "," Rp131,650 "," Rp131,650 "," Rp128,350 "," Rp126,650 "," Rp125,000 "," Rp125,000 "," Rp123,350 "," Rp123,350 "," Rp123,350 "," Rp123,350 "," Rp123,350 "," Rp123,350 "," Rp123,350 "," Rp123,350 "," Rp123,350 "," Rp123,350 "
IV,Telur Ayam," Rp25,350 "," Rp25,350 "," Rp25,150 "," Rp25,150 "," Rp24,850 "," Rp24,650 "," Rp24,650 "," Rp24,500 "," Rp24,500 "," Rp24,650 "," Rp24,650 "," Rp24,650 "," Rp24,650 "," Rp24,500 "," Rp24,350 "," Rp23,850 "," Rp23,650 "," Rp23,500 "," Rp23,150 "," Rp23,150 "," Rp23,150 "," Rp23,150 "," Rp23,000 "," Rp23,000 "," Rp23,350 "," Rp23,350 "," Rp23,350 "," Rp23,650 "," Rp24,350 "," Rp24,500 "," Rp25,500 "," Rp25,850 "," Rp27,000 "," Rp27,000 "," Rp26,850 "," Rp27,000 "," Rp27,000 "," Rp27,000 "," Rp27,000 "," Rp27,000 "," Rp27,000 "," Rp27,000 "," Rp27,000 "," Rp26,850 "," Rp26,850 "," Rp26,850 "," Rp26,850 "," Rp27,000 "," Rp27,150 "," Rp27,150 "," Rp27,150 "," Rp27,000 "," Rp26,150 "," Rp26,150 "," Rp26,150 "," Rp26,350 "," Rp26,350 "," Rp26,350 "," Rp26,350 "," Rp26,350 "," Rp26,350 "," Rp26,350 "," Rp26,150 "," Rp26,000 "," Rp25,650 "," Rp25,500 "," Rp25,500 "," Rp25,150 "," Rp25,150 "," Rp25,000 "," Rp25,150 "," Rp25,150 "," Rp25,150 "," Rp25,150 "," Rp25,150 "," Rp24,850 "," Rp24,650 "," Rp24,650 "," Rp24,650 "," Rp24,850 "," Rp24,350 "," Rp24,150 "," Rp24,150 "," Rp23,500 "," Rp22,350 "," Rp21,350 "," Rp21,000 "," Rp20,850 "," Rp20,650 "," Rp20,650 "," Rp20,650 "," Rp20,650 "," Rp20,650 "," Rp20,500 "," Rp20,850 "," Rp22,350 "," Rp23,850 "," Rp23,650 "," Rp24,000 "," Rp24,000 "," Rp24,000 "," Rp23,850 "," Rp23,850 "," Rp23,850 "," Rp23,850 "," Rp24,000 "," Rp24,150 "," Rp24,350 "," Rp24,350 "," Rp24,850 "," Rp25,150 "," Rp25,350 "," Rp25,650 "," Rp25,650 "
1,"Telur Ayam Ras Segar
 (kg)"," Rp25,350 "," Rp25,350 "," Rp25,150 "," Rp25,150 "," Rp24,850 "," Rp24,650 "," Rp24,650 "," Rp24,500 "," Rp24,500 "," Rp24,650 "," Rp24,650 "," Rp24,650 "," Rp24,650 "," Rp24,500 "," Rp24,350 "," Rp23,850 "," Rp23,650 "," Rp23,500 "," Rp23,150 "," Rp23,150 "," Rp23,150 "," Rp23,150 "," Rp23,000 "," Rp23,000 "," Rp23,350 "," Rp23,350 "," Rp23,350 "," Rp23,650 "," Rp24,350 "," Rp24,500 "," Rp25,500 "," Rp25,850 "," Rp27,000 "," Rp27,000 "," Rp26,850 "," Rp27,000 "," Rp27,000 "," Rp27,000 "," Rp27,000 "," Rp27,000 "," Rp27,000 "," Rp27,000 "," Rp27,000 "," Rp26,850 "," Rp26,850 "," Rp26,850 "," Rp26,850 "," Rp27,000 "," Rp27,150 "," Rp27,150 "," Rp27,150 "," Rp27,000 "," Rp26,150 "," Rp26,150 "," Rp26,150 "," Rp26,350 "," Rp26,350 "," Rp26,350 "," Rp26,350 "," Rp26,350 "," Rp26,350 "," Rp26,350 "," Rp26,150 "," Rp26,000 "," Rp25,650 "," Rp25,500 "," Rp25,500 "," Rp25,150 "," Rp25,150 "," Rp25,000 "," Rp25,150 "," Rp25,150 "," Rp25,150 "," Rp25,150 "," Rp25,150 "," Rp24,850 "," Rp24,650 "," Rp24,650 "," Rp24,650 "," Rp24,850 "," Rp24,350 "," Rp24,150 "," Rp24,150 "," Rp23,500 "," Rp22,350 "," Rp21,350 "," Rp21,000 "," Rp20,850 "," Rp20,650 "," Rp20,650 "," Rp20,650 "," Rp20,650 "," Rp20,650 "," Rp20,500 "," Rp20,850 "," Rp22,350 "," Rp23,850 "," Rp23,650 "," Rp24,000 "," Rp24,000 "," Rp24,000 "," Rp23,850 "," Rp23,850 "," Rp23,850 "," Rp23,850 "," Rp24,000 "," Rp24,150 "," Rp24,350 "," Rp24,350 "," Rp24,850 "," Rp25,150 "," Rp25,350 "," Rp25,650 "," Rp25,650 "
V,Bawang Merah," Rp46,650 "," Rp46,650 "," Rp44,150 "," Rp41,650 "," Rp41,650 "," Rp41,650 "," Rp41,650 "," Rp40,000 "," Rp40,850 "," Rp39,150 "," Rp39,150 "," Rp39,150 "," Rp38,350 "," Rp39,150 "," Rp39,150 "," Rp40,000 "," Rp40,000 "," Rp38,350 "," Rp37,500 "," Rp37,500 "," Rp37,500 "," Rp37,500 "," Rp37,500 "," Rp37,500 "," Rp37,500 "," Rp37,500 "," Rp37,500 "," Rp36,650 "," Rp36,650 "," Rp36,650 "," Rp36,650 "," Rp36,650 "," Rp36,650 "," Rp36,650 "," Rp37,500 "," Rp37,500 "," Rp38,350 "," Rp37,500 "," Rp36,650 "," Rp37,000 "," Rp37,850 "," Rp37,850 "," Rp38,350 "," Rp38,350 "," Rp38,350 "," Rp38,350 "," Rp38,850 "," Rp38,850 "," Rp38,850 "," Rp38,850 "," Rp38,850 "," Rp38,850 "," Rp40,000 "," Rp40,000 "," Rp40,000 "," Rp40,000 "," Rp40,000 "," Rp45,850 "," Rp45,850 "," Rp47,500 "," Rp47,500 "," Rp47,500 "," Rp47,500 "," Rp47,500 "," Rp47,500 "," Rp47,500 "," Rp51,650 "," Rp51,650 "," Rp53,350 "," Rp56,650 "," Rp58,350 "," Rp58,350 "," Rp58,350 "," Rp59,150 "," Rp58,350 "," Rp58,350 "," Rp58,350 "," Rp57,500 "," Rp56,650 "," Rp56,650 "," Rp57,500 "," Rp56,650 "," Rp56,650 "," Rp56,650 "," Rp57,500 "," Rp55,000 "," Rp55,000 "," Rp54,150 "," Rp58,350 "," Rp58,350 "," Rp58,350 "," Rp58,350 "," Rp57,500 "," Rp55,850 "," Rp58,350 "," Rp59,150 "," Rp65,000 "," Rp65,000 "," Rp66,650 "," Rp66,650 "," Rp62,500 "," Rp62,500 "," Rp62,500 "," Rp62,500 "," Rp60,000 "," Rp60,000 "," Rp60,000 "," Rp56,650 "," Rp56,650 "," Rp55,000 "," Rp55,000 "," Rp55,000 "," Rp54,150 "," Rp54,150 "
1,Bawang Merah Ukuran Sedang (kg)," Rp46,650 "," Rp46,650 "," Rp44,150 "," Rp41,650 "," Rp41,650 "," Rp41,650 "," Rp41,650 "," Rp40,000 "," Rp40,850 "," Rp39,150 "," Rp39,150 "," Rp39,150 "," Rp38,350 "," Rp39,150 "," Rp39,150 "," Rp40,000 "," Rp40,000 "," Rp38,350 "," Rp37,500 "," Rp37,500 "," Rp37,500 "," Rp37,500 "," Rp37,500 "," Rp37,500 "," Rp37,500 "," Rp37,500 "," Rp37,500 "," Rp36,650 "," Rp36,650 "," Rp36,650 "," Rp36,650 "," Rp36,650 "," Rp36,650 "," Rp36,650 "," Rp37,500 "," Rp37,500 "," Rp38,350 "," Rp37,500 "," Rp36,650 "," Rp37,000 "," Rp37,850 "," Rp37,850 "," Rp38,350 "," Rp38,350 "," Rp38,350 "," Rp38,350 "," Rp38,850 "," Rp38,850 "," Rp38,850 "," Rp38,850 "," Rp38,850 "," Rp38,850 "," Rp40,000 "," Rp40,000 "," Rp40,000 "," Rp40,000 "," Rp40,000 "," Rp45,850 "," Rp45,850 "," Rp47,500 "," Rp47,500 "," Rp47,500 "," Rp47,500 "," Rp47,500 "," Rp47,500 "," Rp47,500 "," Rp51,650 "," Rp51,650 "," Rp53,350 "," Rp56,650 "," Rp58,350 "," Rp58,350 "," Rp58,350 "," Rp59,150 "," Rp58,350 "," Rp58,350 "," Rp58,350 "," Rp57,500 "," Rp56,650 "," Rp56,650 "," Rp57,500 "," Rp56,650 "," Rp56,650 "," Rp56,650 "," Rp57,500 "," Rp55,000 "," Rp55,000 "," Rp54,150 "," Rp58,350 "," Rp58,350 "," Rp58,350 "," Rp58,350 "," Rp57,500 "," Rp55,850 "," Rp58,350 "," Rp59,150 "," Rp65,000 "," Rp65,000 "," Rp66,650 "," Rp66,650 "," Rp62,500 "," Rp62,500 "," Rp62,500 "," Rp62,500 "," Rp60,000 "," Rp60,000 "," Rp60,000 "," Rp56,650 "," Rp56,650 "," Rp55,000 "," Rp55,000 "," Rp55,000 "," Rp54,150 "," Rp54,150 "
VI,Bawang Putih," Rp39,650 "," Rp39,650 "," Rp40,000 "," Rp40,000 "," Rp40,000 "," Rp40,850 "," Rp40,850 "," Rp41,650 "," Rp42,500 "," Rp42,500 "," Rp41,650 "," Rp41,650 "," Rp41,650 "," Rp42,500 "," Rp42,500 "," Rp42,500 "," Rp42,500 "," Rp43,350 "," Rp42,500 "," Rp42,500 "," Rp41,650 "," Rp41,650 "," Rp54,150 "," Rp57,500 "," Rp61,650 "," Rp61,650 "," Rp68,350 "," Rp69,150 "," Rp69,150 "," Rp69,150 "," Rp69,150 "," Rp69,150 "," Rp62,500 "," Rp62,500 "," Rp62,500 "," Rp60,850 "," Rp56,650 "," Rp61,650 "," Rp58,350 "," Rp60,000 "," Rp60,000 "," Rp60,850 "," Rp58,350 "," Rp58,350 "," Rp58,350 "," Rp58,350 "," Rp57,500 "," Rp55,850 "," Rp55,850 "," Rp52,500 "," Rp52,500 "," Rp52,500 "," Rp52,500 "," Rp51,650 "," Rp51,650 "," Rp51,650 "," Rp51,650 "," Rp52,500 "," Rp54,150 "," Rp55,000 "," Rp55,000 "," Rp54,150 "," Rp54,150 "," Rp52,500 "," Rp52,500 "," Rp52,500 "," Rp54,150 "," Rp54,150 "," Rp53,350 "," Rp52,500 "," Rp52,500 "," Rp52,500 "," Rp52,500 "," Rp50,850 "," Rp50,850 "," Rp48,350 "," Rp48,350 "," Rp47,500 "," Rp47,500 "," Rp47,500 "," Rp47,500 "," Rp45,850 "," Rp45,850 "," Rp45,850 "," Rp45,000 "," Rp43,350 "," Rp43,350 "," Rp42,500 "," Rp40,850 "," Rp40,850 "," Rp40,850 "," Rp39,150 "," Rp39,150 "," Rp40,000 "," Rp40,000 "," Rp38,350 "," Rp37,500 "," Rp38,350 "," Rp40,000 "," Rp40,000 "," Rp39,150 "," Rp39,150 "," Rp39,150 "," Rp39,150 "," Rp37,000 "," Rp37,000 "," Rp37,000 "," Rp36,150 "," Rp36,150 "," Rp36,150 "," Rp36,150 "," Rp36,150 "," Rp35,350 "," Rp35,350 "
1,Bawang Putih Ukuran Sedang (kg)," Rp39,650 "," Rp39,650 "," Rp40,000 "," Rp40,000 "," Rp40,000 "," Rp40,850 "," Rp40,850 "," Rp41,650 "," Rp42,500 "," Rp42,500 "," Rp41,650 "," Rp41,650 "," Rp41,650 "," Rp42,500 "," Rp42,500 "," Rp42,500 "," Rp42,500 "," Rp43,350 "," Rp42,500 "," Rp42,500 "," Rp41,650 "," Rp41,650 "," Rp54,150 "," Rp57,500 "," Rp61,650 "," Rp61,650 "," Rp68,350 "," Rp69,150 "," Rp69,150 "," Rp69,150 "," Rp69,150 "," Rp69,150 "," Rp62,500 "," Rp62,500 "," Rp62,500 "," Rp60,850 "," Rp56,650 "," Rp61,650 "," Rp58,350 "," Rp60,000 "," Rp60,000 "," Rp60,850 "," Rp58,350 "," Rp58,350 "," Rp58,350 "," Rp58,350 "," Rp57,500 "," Rp55,850 "," Rp55,850 "," Rp52,500 "," Rp52,500 "," Rp52,500 "," Rp52,500 "," Rp51,650 "," Rp51,650 "," Rp51,650 "," Rp51,650 "," Rp52,500 "," Rp54,150 "," Rp55,000 "," Rp55,000 "," Rp54,150 "," Rp54,150 "," Rp52,500 "," Rp52,500 "," Rp52,500 "," Rp54,150 "," Rp54,150 "," Rp53,350 "," Rp52,500 "," Rp52,500 "," Rp52,500 "," Rp52,500 "," Rp50,850 "," Rp50,850 "," Rp48,350 "," Rp48,350 "," Rp47,500 "," Rp47,500 "," Rp47,500 "," Rp47,500 "," Rp45,850 "," Rp45,850 "," Rp45,850 "," Rp45,000 "," Rp43,350 "," Rp43,350 "," Rp42,500 "," Rp40,850 "," Rp40,850 "," Rp40,850 "," Rp39,150 "," Rp39,150 "," Rp40,000 "," Rp40,000 "," Rp38,350 "," Rp37,500 "," Rp38,350 "," Rp40,000 "," Rp40,000 "," Rp39,150 "," Rp39,150 "," Rp39,150 "," Rp39,150 "," Rp37,000 "," Rp37,000 "," Rp37,000 "," Rp36,150 "," Rp36,150 "," Rp36,150 "," Rp36,150 "," Rp36,150 "," Rp35,350 "," Rp35,350 "
VII,Cabai Merah," Rp45,850 "," Rp49,150 "," Rp70,000 "," Rp70,400 "," Rp71,250 "," Rp70,850 "," Rp70,850 "," Rp77,500 "," Rp77,500 "," Rp80,000 "," Rp82,500 "," Rp85,000 "," Rp77,900 "," Rp78,750 "," Rp77,900 "," Rp83,350 "," Rp87,500 "," Rp86,650 "," Rp83,350 "," Rp81,650 "," Rp83,350 "," Rp83,350 "," Rp85,000 "," Rp86,650 "," Rp86,650 "," Rp86,650 "," Rp86,650 "," Rp77,100 "," Rp76,650 "," Rp76,650 "," Rp75,850 "," Rp74,150 "," Rp72,500 "," Rp72,500 "," Rp72,500 "," Rp73,350 "," Rp70,850 "," Rp75,850 "," Rp75,850 "," Rp75,850 "," Rp69,150 "," Rp64,150 "," Rp62,900 "," Rp62,900 "," Rp62,900 "," Rp62,900 "," Rp60,850 "," Rp65,000 "," Rp65,850 "," Rp64,150 "," Rp64,150 "," Rp59,600 "," Rp54,150 "," Rp54,150 "," Rp54,150 "," Rp53,750 "," Rp53,750 "," Rp48,750 "," Rp48,750 "," Rp50,400 "," Rp51,250 "," Rp42,500 "," Rp42,500 "," Rp41,250 "," Rp38,750 "," Rp38,750 "," Rp39,600 "," Rp39,600 "," Rp41,250 "," Rp39,600 "," Rp39,600 "," Rp39,600 "," Rp38,750 "," Rp37,900 "," Rp34,600 "," Rp33,750 "," Rp33,750 "," Rp34,600 "," Rp33,750 "," Rp34,600 "," Rp34,600 "," Rp34,600 "," Rp34,600 "," Rp34,600 "," Rp34,600 "," Rp33,350 "," Rp33,350 "," Rp32,500 "," Rp30,400 "," Rp30,400 "," Rp30,400 "," Rp30,400 "," Rp30,850 "," Rp30,850 "," Rp32,900 "," Rp36,650 "," Rp37,100 "," Rp35,850 "," Rp35,850 "," Rp33,350 "," Rp32,900 "," Rp32,900 "," Rp32,900 "," Rp32,900 "," Rp29,150 "," Rp29,150 "," Rp29,150 "," Rp28,750 "," Rp28,750 "," Rp27,900 "," Rp27,500 "," Rp27,500 "," Rp27,100 "," Rp27,100 "
1,Cabai Merah Besar (kg)," Rp45,000 "," Rp46,650 "," Rp75,000 "," Rp75,850 "," Rp75,850 "," Rp75,000 "," Rp75,000 "," Rp81,650 "," Rp80,000 "," Rp81,650 "," Rp88,350 "," Rp93,350 "," Rp89,150 "," Rp89,150 "," Rp89,150 "," Rp96,650 "," Rp103,350 "," Rp106,650 "," Rp103,350 "," Rp100,000 "," Rp100,000 "," Rp100,000 "," Rp100,000 "," Rp100,000 "," Rp100,000 "," Rp100,000 "," Rp100,000 "," Rp90,000 "," Rp90,000 "," Rp90,000 "," Rp90,000 "," Rp88,350 "," Rp86,650 "," Rp86,650 "," Rp80,000 "," Rp80,000 "," Rp73,350 "," Rp81,650 "," Rp81,650 "," Rp80,000 "," Rp76,650 "," Rp75,000 "," Rp74,150 "," Rp74,150 "," Rp74,150 "," Rp74,150 "," Rp70,850 "," Rp75,850 "," Rp77,500 "," Rp75,850 "," Rp75,850 "," Rp70,850 "," Rp62,500 "," Rp62,500 "," Rp62,500 "," Rp62,500 "," Rp62,500 "," Rp52,500 "," Rp52,500 "," Rp55,000 "," Rp55,000 "," Rp46,650 "," Rp46,650 "," Rp44,150 "," Rp40,000 "," Rp40,000 "," Rp40,850 "," Rp40,850 "," Rp45,850 "," Rp42,500 "," Rp43,350 "," Rp43,350 "," Rp42,500 "," Rp42,500 "," Rp38,350 "," Rp37,500 "," Rp37,500 "," Rp37,500 "," Rp37,500 "," Rp37,500 "," Rp38,350 "," Rp38,350 "," Rp38,350 "," Rp38,350 "," Rp38,350 "," Rp36,650 "," Rp36,650 "," Rp35,000 "," Rp31,650 "," Rp31,650 "," Rp31,650 "," Rp31,650 "," Rp32,500 "," Rp33,350 "," Rp35,850 "," Rp38,350 "," Rp40,000 "," Rp40,000 "," Rp40,000 "," Rp36,650 "," Rp35,850 "," Rp35,850 "," Rp35,850 "," Rp35,850 "," Rp31,650 "," Rp31,650 "," Rp31,650 "," Rp31,650 "," Rp31,650 "," Rp30,850 "," Rp30,000 "," Rp30,000 "," Rp29,150 "," Rp29,150 "
2,Cabai Merah Keriting  (kg)," Rp46,650 "," Rp51,650 "," Rp65,000 "," Rp65,000 "," Rp66,650 "," Rp66,650 "," Rp66,650 "," Rp73,350 "," Rp75,000 "," Rp78,350 "," Rp76,650 "," Rp76,650 "," Rp66,650 "," Rp68,350 "," Rp66,650 "," Rp70,000 "," Rp71,650 "," Rp66,650 "," Rp63,350 "," Rp63,350 "," Rp66,650 "," Rp66,650 "," Rp70,000 "," Rp73,350 "," Rp73,350 "," Rp73,350 "," Rp73,350 "," Rp64,150 "," Rp63,350 "," Rp63,350 "," Rp61,650 "," Rp60,000 "," Rp58,350 "," Rp58,350 "," Rp65,000 "," Rp66,650 "," Rp68,350 "," Rp70,000 "," Rp70,000 "," Rp71,650 "," Rp61,650 "," Rp53,350 "," Rp51,650 "," Rp51,650 "," Rp51,650 "," Rp51,650 "," Rp50,850 "," Rp54,150 "," Rp54,150 "," Rp52,500 "," Rp52,500 "," Rp48,350 "," Rp45,850 "," Rp45,850 "," Rp45,850 "," Rp45,000 "," Rp45,000 "," Rp45,000 "," Rp45,000 "," Rp45,850 "," Rp47,500 "," Rp38,350 "," Rp38,350 "," Rp38,350 "," Rp37,500 "," Rp37,500 "," Rp38,350 "," Rp38,350 "," Rp36,650 "," Rp36,650 "," Rp35,850 "," Rp35,850 "," Rp35,000 "," Rp33,350 "," Rp30,850 "," Rp30,000 "," Rp30,000 "," Rp31,650 "," Rp30,000 "," Rp31,650 "," Rp30,850 "," Rp30,850 "," Rp30,850 "," Rp30,850 "," Rp30,850 "," Rp30,000 "," Rp30,000 "," Rp30,000 "," Rp29,150 "," Rp29,150 "," Rp29,150 "," Rp29,150 "," Rp29,150 "," Rp28,350 "," Rp30,000 "," Rp35,000 "," Rp34,150 "," Rp31,650 "," Rp31,650 "," Rp30,000 "," Rp30,000 "," Rp30,000 "," Rp30,000 "," Rp30,000 "," Rp26,650 "," Rp26,650 "," Rp26,650 "," Rp25,850 "," Rp25,850 "," Rp25,000 "," Rp25,000 "," Rp25,000 "," Rp25,000 "," Rp25,000 "
VIII,Cabai Rawit," Rp42,900 "," Rp47,900 "," Rp59,150 "," Rp55,850 "," Rp56,650 "," Rp57,900 "," Rp57,900 "," Rp57,900 "," Rp58,750 "," Rp62,100 "," Rp64,600 "," Rp64,600 "," Rp64,600 "," Rp69,150 "," Rp70,000 "," Rp73,350 "," Rp76,650 "," Rp77,500 "," Rp73,350 "," Rp69,150 "," Rp69,150 "," Rp69,150 "," Rp70,000 "," Rp71,650 "," Rp71,650 "," Rp71,650 "," Rp71,650 "," Rp61,650 "," Rp60,400 "," Rp60,400 "," Rp58,350 "," Rp57,900 "," Rp57,500 "," Rp57,500 "," Rp53,350 "," Rp50,000 "," Rp46,650 "," Rp47,100 "," Rp46,250 "," Rp45,850 "," Rp45,400 "," Rp46,650 "," Rp44,600 "," Rp44,600 "," Rp44,600 "," Rp44,600 "," Rp45,000 "," Rp45,000 "," Rp45,000 "," Rp45,850 "," Rp46,650 "," Rp46,250 "," Rp47,500 "," Rp48,350 "," Rp50,850 "," Rp50,850 "," Rp50,000 "," Rp52,500 "," Rp56,650 "," Rp56,650 "," Rp55,850 "," Rp50,000 "," Rp50,850 "," Rp51,650 "," Rp50,850 "," Rp50,850 "," Rp50,000 "," Rp50,850 "," Rp51,650 "," Rp49,150 "," Rp48,750 "," Rp48,750 "," Rp47,500 "," Rp45,000 "," Rp42,900 "," Rp40,400 "," Rp40,400 "," Rp40,850 "," Rp40,000 "," Rp37,100 "," Rp35,400 "," Rp35,400 "," Rp35,000 "," Rp35,000 "," Rp55,850 "," Rp33,350 "," Rp33,350 "," Rp34,600 "," Rp32,500 "," Rp32,500 "," Rp32,500 "," Rp31,650 "," Rp30,850 "," Rp31,250 "," Rp32,900 "," Rp36,650 "," Rp34,150 "," Rp34,600 "," Rp33,750 "," Rp32,500 "," Rp30,000 "," Rp30,000 "," Rp30,850 "," Rp30,850 "," Rp28,750 "," Rp28,750 "," Rp28,750 "," Rp27,100 "," Rp27,100 "," Rp27,100 "," Rp26,650 "," Rp26,650 "," Rp26,650 "," Rp26,650 "
1,Cabai Rawit Hijau (kg)," Rp35,000 "," Rp38,350 "," Rp50,000 "," Rp43,350 "," Rp41,650 "," Rp39,150 "," Rp39,150 "," Rp39,150 "," Rp39,150 "," Rp39,150 "," Rp39,150 "," Rp39,150 "," Rp39,150 "," Rp43,350 "," Rp43,350 "," Rp46,650 "," Rp48,350 "," Rp50,000 "," Rp45,000 "," Rp43,350 "," Rp43,350 "," Rp43,350 "," Rp45,000 "," Rp48,350 "," Rp48,350 "," Rp48,350 "," Rp48,350 "," Rp40,850 "," Rp40,850 "," Rp40,850 "," Rp41,650 "," Rp40,850 "," Rp40,850 "," Rp40,850 "," Rp40,850 "," Rp40,850 "," Rp42,500 "," Rp44,150 "," Rp44,150 "," Rp43,350 "," Rp42,500 "," Rp46,650 "," Rp42,500 "," Rp42,500 "," Rp42,500 "," Rp42,500 "," Rp43,350 "," Rp42,500 "," Rp42,500 "," Rp42,500 "," Rp42,500 "," Rp41,650 "," Rp38,350 "," Rp37,500 "," Rp37,500 "," Rp37,500 "," Rp37,500 "," Rp39,150 "," Rp40,000 "," Rp40,000 "," Rp40,000 "," Rp37,500 "," Rp37,500 "," Rp37,500 "," Rp36,650 "," Rp36,650 "," Rp35,000 "," Rp36,650 "," Rp37,500 "," Rp37,500 "," Rp38,350 "," Rp38,350 "," Rp36,650 "," Rp35,000 "," Rp32,500 "," Rp33,350 "," Rp33,350 "," Rp34,150 "," Rp32,500 "," Rp30,000 "," Rp32,500 "," Rp32,500 "," Rp32,500 "," Rp32,500 "," Rp30,850 "," Rp31,650 "," Rp31,650 "," Rp33,350 "," Rp31,650 "," Rp31,650 "," Rp31,650 "," Rp30,850 "," Rp30,850 "," Rp30,000 "," Rp30,000 "," Rp34,150 "," Rp30,000 "," Rp30,850 "," Rp30,850 "," Rp30,850 "," Rp28,350 "," Rp28,350 "," Rp28,350 "," Rp28,350 "," Rp26,650 "," Rp26,650 "," Rp26,650 "," Rp25,000 "," Rp25,000 "," Rp25,850 "," Rp25,850 "," Rp25,850 "," Rp25,850 "," Rp25,850 "
2,Cabai Rawit Merah (kg)," Rp50,850 "," Rp57,500 "," Rp68,350 "," Rp68,350 "," Rp71,650 "," Rp76,650 "," Rp76,650 "," Rp76,650 "," Rp78,350 "," Rp85,000 "," Rp90,000 "," Rp90,000 "," Rp90,000 "," Rp95,000 "," Rp96,650 "," Rp100,000 "," Rp105,000 "," Rp105,000 "," Rp101,650 "," Rp95,000 "," Rp95,000 "," Rp95,000 "," Rp95,000 "," Rp95,000 "," Rp95,000 "," Rp95,000 "," Rp95,000 "," Rp82,500 "," Rp80,000 "," Rp80,000 "," Rp75,000 "," Rp75,000 "," Rp74,150 "," Rp74,150 "," Rp65,850 "," Rp59,150 "," Rp50,850 "," Rp50,000 "," Rp48,350 "," Rp48,350 "," Rp48,350 "," Rp46,650 "," Rp46,650 "," Rp46,650 "," Rp46,650 "," Rp46,650 "," Rp46,650 "," Rp47,500 "," Rp47,500 "," Rp49,150 "," Rp50,850 "," Rp50,850 "," Rp56,650 "," Rp59,150 "," Rp64,150 "," Rp64,150 "," Rp62,500 "," Rp65,850 "," Rp73,350 "," Rp73,350 "," Rp71,650 "," Rp62,500 "," Rp64,150 "," Rp65,850 "," Rp65,000 "," Rp65,000 "," Rp65,000 "," Rp65,000 "," Rp65,850 "," Rp60,850 "," Rp59,150 "," Rp59,150 "," Rp58,350 "," Rp55,000 "," Rp53,350 "," Rp47,500 "," Rp47,500 "," Rp47,500 "," Rp47,500 "," Rp44,150 "," Rp38,350 "," Rp38,350 "," Rp37,500 "," Rp37,500 "," Rp80,850 "," Rp35,000 "," Rp35,000 "," Rp35,850 "," Rp33,350 "," Rp33,350 "," Rp33,350 "," Rp32,500 "," Rp30,850 "," Rp32,500 "," Rp35,850 "," Rp39,150 "," Rp38,350 "," Rp38,350 "," Rp36,650 "," Rp34,150 "," Rp31,650 "," Rp31,650 "," Rp33,350 "," Rp33,350 "," Rp30,850 "," Rp30,850 "," Rp30,850 "," Rp29,150 "," Rp29,150 "," Rp28,350 "," Rp27,500 "," Rp27,500 "," Rp27,500 "," Rp27,500 "
IX,Minyak Goreng," Rp13,050 "," Rp13,050 "," Rp13,400 "," Rp13,850 "," Rp13,850 "," Rp13,850 "," Rp13,900 "," Rp13,900 "," Rp14,050 "," Rp14,050 "," Rp14,050 "," Rp14,050 "," Rp14,050 "," Rp14,050 "," Rp14,050 "," Rp14,050 "," Rp14,050 "," Rp14,050 "," Rp14,150 "," Rp14,150 "," Rp14,150 "," Rp14,150 "," Rp14,150 "," Rp14,000 "," Rp14,000 "," Rp14,000 "," Rp14,000 "," Rp14,000 "," Rp14,000 "," Rp14,000 "," Rp14,000 "," Rp14,000 "," Rp14,000 "," Rp14,000 "," Rp14,000 "," Rp14,000 "," Rp14,000 "," Rp13,800 "," Rp13,800 "," Rp13,800 "," Rp13,800 "," Rp13,800 "," Rp13,800 "," Rp13,800 "," Rp13,800 "," Rp13,800 "," Rp13,800 "," Rp13,750 "," Rp13,750 "," Rp13,750 "," Rp13,750 "," Rp13,750 "," Rp13,700 "," Rp13,700 "," Rp13,700 "," Rp13,700 "," Rp13,700 "," Rp13,700 "," Rp13,700 "," Rp13,700 "," Rp13,700 "," Rp13,700 "," Rp13,700 "," Rp13,700 "," Rp13,700 "," Rp13,700 "," Rp13,700 "," Rp13,700 "," Rp13,700 "," Rp13,700 "," Rp13,700 "," Rp13,700 "," Rp13,700 "," Rp13,700 "," Rp13,700 "," Rp13,750 "," Rp13,750 "," Rp13,750 "," Rp13,750 "," Rp13,750 "," Rp13,750 "," Rp13,750 "," Rp13,750 "," Rp13,750 "," Rp13,750 "," Rp13,750 "," Rp13,750 "," Rp13,750 "," Rp13,700 "," Rp13,700 "," Rp13,700 "," Rp13,700 "," Rp13,700 "," Rp13,700 "," Rp13,700 "," Rp13,700 "," Rp13,700 "," Rp13,700 "," Rp13,700 "," Rp13,700 "," Rp13,700 "," Rp13,700 "," Rp13,700 "," Rp13,700 "," Rp13,700 "," Rp13,700 "," Rp13,700 "," Rp13,700 "," Rp13,700 "," Rp13,700 "," Rp13,700 "," Rp13,700 "," Rp13,700 "," Rp13,700 "
1,Minyak Goreng Curah (kg)," Rp12,400 "," Rp12,400 "," Rp12,900 "," Rp13,750 "," Rp13,750 "," Rp13,750 "," Rp13,750 "," Rp13,750 "," Rp13,900 "," Rp13,900 "," Rp13,900 "," Rp13,900 "," Rp13,900 "," Rp13,900 "," Rp13,900 "," Rp13,900 "," Rp13,900 "," Rp13,900 "," Rp13,900 "," Rp13,900 "," Rp13,900 "," Rp13,900 "," Rp13,900 "," Rp13,600 "," Rp13,600 "," Rp13,600 "," Rp13,600 "," Rp13,600 "," Rp13,600 "," Rp13,600 "," Rp13,600 "," Rp13,600 "," Rp13,600 "," Rp13,600 "," Rp13,600 "," Rp13,600 "," Rp13,600 "," Rp13,250 "," Rp13,250 "," Rp13,250 "," Rp13,250 "," Rp13,150 "," Rp13,150 "," Rp13,150 "," Rp13,150 "," Rp13,150 "," Rp13,150 "," Rp13,100 "," Rp13,100 "," Rp13,100 "," Rp13,100 "," Rp13,100 "," Rp12,900 "," Rp12,900 "," Rp12,900 "," Rp12,900 "," Rp12,900 "," Rp12,900 "," Rp12,900 "," Rp12,900 "," Rp12,750 "," Rp12,750 "," Rp12,750 "," Rp12,750 "," Rp12,750 "," Rp12,750 "," Rp12,850 "," Rp12,850 "," Rp12,850 "," Rp12,850 "," Rp12,850 "," Rp12,850 "," Rp12,850 "," Rp12,850 "," Rp12,850 "," Rp12,850 "," Rp12,850 "," Rp12,850 "," Rp12,850 "," Rp12,850 "," Rp12,850 "," Rp12,850 "," Rp12,850 "," Rp12,850 "," Rp12,850 "," Rp12,850 "," Rp12,850 "," Rp12,850 "," Rp12,650 "," Rp12,650 "," Rp12,650 "," Rp12,650 "," Rp12,650 "," Rp12,650 "," Rp12,650 "," Rp12,650 "," Rp12,750 "," Rp12,750 "," Rp12,750 "," Rp12,750 "," Rp12,750 "," Rp12,750 "," Rp12,750 "," Rp12,750 "," Rp12,750 "," Rp12,750 "," Rp12,750 "," Rp12,750 "," Rp12,750 "," Rp12,750 "," Rp12,750 "," Rp12,750 "," Rp12,750 "," Rp12,750 "
2,Minyak Goreng Kemasan Bermerk 1 (kg)," Rp13,350 "," Rp13,350 "," Rp13,650 "," Rp13,850 "," Rp13,850 "," Rp13,850 "," Rp13,900 "," Rp13,900 "," Rp14,000 "," Rp14,000 "," Rp14,000 "," Rp14,000 "," Rp14,000 "," Rp14,000 "," Rp14,000 "," Rp14,000 "," Rp14,000 "," Rp14,000 "," Rp14,150 "," Rp14,150 "," Rp14,150 "," Rp14,150 "," Rp14,150 "," Rp14,150 "," Rp14,150 "," Rp14,150 "," Rp14,150 "," Rp14,150 "," Rp14,150 "," Rp14,150 "," Rp14,150 "," Rp14,150 "," Rp14,150 "," Rp14,150 "," Rp14,150 "," Rp14,150 "," Rp14,150 "," Rp14,000 "," Rp14,000 "," Rp14,000 "," Rp14,000 "," Rp14,000 "," Rp14,000 "," Rp14,000 "," Rp14,000 "," Rp14,000 "," Rp14,000 "," Rp14,000 "," Rp14,000 "," Rp14,000 "," Rp14,000 "," Rp14,000 "," Rp14,000 "," Rp14,000 "," Rp14,000 "," Rp14,000 "," Rp14,000 "," Rp14,000 "," Rp14,000 "," Rp14,000 "," Rp14,150 "," Rp14,150 "," Rp14,150 "," Rp14,150 "," Rp14,150 "," Rp14,150 "," Rp14,150 "," Rp14,150 "," Rp14,150 "," Rp14,150 "," Rp14,100 "," Rp14,100 "," Rp14,100 "," Rp14,100 "," Rp14,100 "," Rp14,250 "," Rp14,250 "," Rp14,250 "," Rp14,250 "," Rp14,250 "," Rp14,250 "," Rp14,250 "," Rp14,250 "," Rp14,250 "," Rp14,250 "," Rp14,250 "," Rp14,250 "," Rp14,250 "," Rp14,250 "," Rp14,250 "," Rp14,250 "," Rp14,250 "," Rp14,250 "," Rp14,250 "," Rp14,250 "," Rp14,250 "," Rp14,250 "," Rp14,250 "," Rp14,250 "," Rp14,250 "," Rp14,250 "," Rp14,250 "," Rp14,250 "," Rp14,250 "," Rp14,150 "," Rp14,150 "," Rp14,150 "," Rp14,150 "," Rp14,150 "," Rp14,150 "," Rp14,150 "," Rp14,150 "," Rp14,150 "," Rp14,150 "
3,Minyak Goreng Kemasan Bermerk 2 (kg)," Rp13,350 "," Rp13,350 "," Rp13,650 "," Rp14,000 "," Rp14,000 "," Rp14,000 "," Rp14,100 "," Rp14,100 "," Rp14,150 "," Rp14,150 "," Rp14,150 "," Rp14,150 "," Rp14,150 "," Rp14,150 "," Rp14,150 "," Rp14,150 "," Rp14,150 "," Rp14,150 "," Rp14,350 "," Rp14,350 "," Rp14,350 "," Rp14,350 "," Rp14,350 "," Rp14,350 "," Rp14,350 "," Rp14,350 "," Rp14,350 "," Rp14,350 "," Rp14,350 "," Rp14,350 "," Rp14,350 "," Rp14,350 "," Rp14,350 "," Rp14,350 "," Rp14,350 "," Rp14,350 "," Rp14,350 "," Rp14,150 "," Rp14,150 "," Rp14,150 "," Rp14,150 "," Rp14,150 "," Rp14,150 "," Rp14,150 "," Rp14,150 "," Rp14,150 "," Rp14,150 "," Rp14,150 "," Rp14,150 "," Rp14,150 "," Rp14,150 "," Rp14,150 "," Rp14,150 "," Rp14,150 "," Rp14,150 "," Rp14,150 "," Rp14,150 "," Rp14,150 "," Rp14,150 "," Rp14,150 "," Rp14,150 "," Rp14,150 "," Rp14,150 "," Rp14,150 "," Rp14,150 "," Rp14,150 "," Rp14,150 "," Rp14,150 "," Rp14,150 "," Rp14,150 "," Rp14,250 "," Rp14,250 "," Rp14,250 "," Rp14,250 "," Rp14,250 "," Rp14,150 "," Rp14,150 "," Rp14,150 "," Rp14,150 "," Rp14,150 "," Rp14,150 "," Rp14,150 "," Rp14,150 "," Rp14,150 "," Rp14,150 "," Rp14,150 "," Rp14,150 "," Rp14,150 "," Rp14,150 "," Rp14,150 "," Rp14,150 "," Rp14,150 "," Rp14,150 "," Rp14,150 "," Rp14,150 "," Rp14,150 "," Rp14,150 "," Rp14,150 "," Rp14,150 "," Rp14,150 "," Rp14,150 "," Rp14,150 "," Rp14,150 "," Rp14,150 "," Rp14,150 "," Rp14,150 "," Rp14,150 "," Rp14,150 "," Rp14,150 "," Rp14,150 "," Rp14,150 "," Rp14,150 "," Rp14,150 "," Rp14,150 "
X,Gula Pasir," Rp14,350 "," Rp14,350 "," Rp14,350 "," Rp14,350 "," Rp14,350 "," Rp14,500 "," Rp14,500 "," Rp14,600 "," Rp14,900 "," Rp14,900 "," Rp14,900 "," Rp14,900 "," Rp14,900 "," Rp14,900 "," Rp14,900 "," Rp14,900 "," Rp14,900 "," Rp14,900 "," Rp14,900 "," Rp14,900 "," Rp14,900 "," Rp14,900 "," Rp14,900 "," Rp14,900 "," Rp14,900 "," Rp14,900 "," Rp14,900 "," Rp15,000 "," Rp15,000 "," Rp15,000 "," Rp15,000 "," Rp15,000 "," Rp15,000 "," Rp15,000 "," Rp15,100 "," Rp15,000 "," Rp15,000 "," Rp15,000 "," Rp15,000 "," Rp15,000 "," Rp15,000 "," Rp15,000 "," Rp15,650 "," Rp15,700 "," Rp15,750 "," Rp16,000 "," Rp16,550 "," Rp17,250 "," Rp17,250 "," Rp17,350 "," Rp17,400 "," Rp17,400 "," Rp17,400 "," Rp17,400 "," Rp17,600 "," Rp17,700 "," Rp18,500 "," Rp18,750 "," Rp18,750 "," Rp18,950 "," Rp18,950 "," Rp18,950 "," Rp18,950 "," Rp18,900 "," Rp18,800 "," Rp18,900 "," Rp18,900 "," Rp19,050 "," Rp19,150 "," Rp19,200 "," Rp19,200 "," Rp19,200 "," Rp19,200 "," Rp19,150 "," Rp19,150 "," Rp19,150 "," Rp19,150 "," Rp19,150 "," Rp19,150 "," Rp19,150 "," Rp19,150 "," Rp19,150 "," Rp19,150 "," Rp18,900 "," Rp18,900 "," Rp18,900 "," Rp18,900 "," Rp18,900 "," Rp18,900 "," Rp18,900 "," Rp18,900 "," Rp18,900 "," Rp18,900 "," Rp18,750 "," Rp18,750 "," Rp18,750 "," Rp18,750 "," Rp18,750 "," Rp18,750 "," Rp18,750 "," Rp18,650 "," Rp18,350 "," Rp18,350 "," Rp18,250 "," Rp17,850 "," Rp17,850 "," Rp17,650 "," Rp17,650 "," Rp17,500 "," Rp17,350 "," Rp17,150 "," Rp17,150 "," Rp17,150 "," Rp17,150 "
1,Gula Pasir Kualitas Premium (kg)," Rp14,600 "," Rp14,600 "," Rp14,600 "," Rp14,600 "," Rp14,600 "," Rp14,850 "," Rp14,850 "," Rp14,850 "," Rp15,100 "," Rp15,100 "," Rp15,100 "," Rp15,100 "," Rp15,100 "," Rp15,100 "," Rp15,100 "," Rp15,100 "," Rp15,100 "," Rp15,100 "," Rp15,100 "," Rp15,100 "," Rp15,100 "," Rp15,100 "," Rp15,100 "," Rp15,100 "," Rp15,100 "," Rp15,100 "," Rp15,100 "," Rp15,250 "," Rp15,250 "," Rp15,250 "," Rp15,250 "," Rp15,250 "," Rp15,250 "," Rp15,250 "," Rp15,250 "," Rp15,100 "," Rp15,100 "," Rp15,100 "," Rp15,100 "," Rp15,100 "," Rp15,100 "," Rp15,100 "," Rp15,400 "," Rp15,500 "," Rp15,500 "," Rp15,850 "," Rp16,650 "," Rp17,150 "," Rp17,150 "," Rp17,350 "," Rp17,500 "," Rp17,500 "," Rp17,500 "," Rp17,500 "," Rp17,650 "," Rp17,650 "," Rp18,500 "," Rp18,500 "," Rp18,500 "," Rp18,750 "," Rp18,750 "," Rp18,750 "," Rp18,750 "," Rp18,750 "," Rp18,600 "," Rp18,750 "," Rp18,750 "," Rp19,100 "," Rp19,100 "," Rp19,250 "," Rp19,250 "," Rp19,250 "," Rp19,250 "," Rp19,150 "," Rp19,150 "," Rp19,150 "," Rp19,150 "," Rp19,150 "," Rp19,150 "," Rp19,150 "," Rp19,150 "," Rp19,150 "," Rp19,150 "," Rp18,850 "," Rp18,850 "," Rp18,850 "," Rp18,850 "," Rp18,850 "," Rp19,000 "," Rp19,000 "," Rp19,000 "," Rp19,000 "," Rp19,000 "," Rp19,000 "," Rp19,000 "," Rp19,000 "," Rp19,000 "," Rp19,000 "," Rp19,000 "," Rp19,000 "," Rp19,000 "," Rp18,650 "," Rp18,650 "," Rp18,650 "," Rp18,650 "," Rp18,650 "," Rp18,500 "," Rp18,500 "," Rp18,350 "," Rp18,150 "," Rp18,000 "," Rp18,000 "," Rp18,000 "," Rp18,000 "
2,Gula Pasir Lokal (kg)," Rp14,100 "," Rp14,100 "," Rp14,100 "," Rp14,100 "," Rp14,100 "," Rp14,150 "," Rp14,150 "," Rp14,350 "," Rp14,750 "," Rp14,750 "," Rp14,750 "," Rp14,750 "," Rp14,750 "," Rp14,750 "," Rp14,750 "," Rp14,750 "," Rp14,750 "," Rp14,750 "," Rp14,750 "," Rp14,750 "," Rp14,750 "," Rp14,750 "," Rp14,750 "," Rp14,750 "," Rp14,750 "," Rp14,750 "," Rp14,750 "," Rp14,750 "," Rp14,750 "," Rp14,750 "," Rp14,750 "," Rp14,750 "," Rp14,750 "," Rp14,750 "," Rp14,900 "," Rp14,900 "," Rp14,900 "," Rp14,900 "," Rp14,900 "," Rp14,900 "," Rp14,900 "," Rp14,900 "," Rp15,850 "," Rp15,900 "," Rp16,000 "," Rp16,150 "," Rp16,400 "," Rp17,350 "," Rp17,350 "," Rp17,350 "," Rp17,350 "," Rp17,350 "," Rp17,350 "," Rp17,350 "," Rp17,500 "," Rp17,750 "," Rp18,500 "," Rp19,000 "," Rp19,000 "," Rp19,150 "," Rp19,150 "," Rp19,150 "," Rp19,150 "," Rp19,000 "," Rp19,000 "," Rp19,000 "," Rp19,000 "," Rp19,000 "," Rp19,150 "," Rp19,150 "," Rp19,150 "," Rp19,150 "," Rp19,150 "," Rp19,150 "," Rp19,150 "," Rp19,150 "," Rp19,150 "," Rp19,150 "," Rp19,150 "," Rp19,150 "," Rp19,150 "," Rp19,150 "," Rp19,150 "," Rp19,000 "," Rp19,000 "," Rp19,000 "," Rp19,000 "," Rp19,000 "," Rp18,850 "," Rp18,850 "," Rp18,850 "," Rp18,850 "," Rp18,850 "," Rp18,500 "," Rp18,500 "," Rp18,500 "," Rp18,500 "," Rp18,500 "," Rp18,500 "," Rp18,500 "," Rp18,350 "," Rp18,000 "," Rp18,000 "," Rp17,850 "," Rp17,000 "," Rp17,000 "," Rp16,850 "," Rp16,850 "," Rp16,650 "," Rp16,500 "," Rp16,350 "," Rp16,350 "," Rp16,350 "," Rp16,350 "